{"0": [53673660.03762914, 0.01998824728648667, 0.018518642179331617, 0.018470919722001933, 0.017916642688446578, 0.017824816435940846, 0.017789110203896705, 0.017777904745226187, 0.01777427303636456, 0.017773561914759105, 0.017773234443389477, 0.017773164502052432, 0.017773158232571935, 0.017773158161845687, 0.01777315808957404, 0.01777315808268296, 0.01777315807866446, 0.017773158078371064, 0.017773158078206307, 0.017773158078173448, 0.01777315807816562, 0.017773158078160343, 0.01777315807815895, 0.017773158078158737, 0.017773158078158706, 0.017773158078158706, 0.017773158078158706, 0.017773158078158706, 0.017773158078158706, 0.017773158078158706, 0.017773158078158706, 0.017773158078158706, 0.017773158078158706, 0.017773158078158706, 0.017773158078158706, 0.017773158078158706, 0.017773158078158706, 0.017773158078158706, 0.017773158078158706, 0.017773158078158706, 0.017773158078158706], "1": [40164140.418539084, 0.025547965465596685, 0.02546726451301197, 0.019471113066488712, 0.01852043985109694, 0.01793873604483294, 0.017812528413075793, 0.017798906557149174, 0.017775502560526207, 0.017774404130659175, 0.017773284869140957, 0.01777322495934032, 0.017773186913352265, 0.017773165713449952, 0.017773165564951204, 0.017773159884560394, 0.017773158395848244, 0.017773158201568807, 0.017773158089956602, 0.01777315808035533, 0.017773158078930245, 0.017773158078655163, 0.01777315807828863, 0.017773158078172452, 0.017773158078161745, 0.017773158078159622, 0.01777315807815878, 0.017773158078158744, 0.017773158078158702, 0.017773158078158702, 0.017773158078158702, 0.017773158078158702, 0.017773158078158702, 0.017773158078158702, 0.017773158078158702, 0.017773158078158702, 0.017773158078158702, 0.017773158078158702, 0.017773158078158702, 0.017773158078158702, 0.017773158078158702], "2": [0.032702672911485486, 0.02145762461424609, 0.019602640425977657, 0.01875161083299597, 0.01847781899745514, 0.018103461629738467, 0.017923883618721912, 0.017850977382086086, 0.017799209803691103, 0.01778520637918869, 0.017783404180572168, 0.01777636613467979, 0.017773910887250506, 0.017773354530709422, 0.017773263325605738, 0.017773254764705388, 0.01777325376738628, 0.017773250179742545, 0.017773247668542737, 0.017773245094439925, 0.01777324398914495, 0.017773242424003497, 0.017773241625826608, 0.017773239963339137, 0.017773219476561745, 0.017773167153405517, 0.017773161012237634, 0.0177731588279747, 0.017773158260495255, 0.01777315821471718, 0.017773158132410614, 0.01777315810011035, 0.017773158080007182, 0.017773158078445983, 0.017773158078363837, 0.017773158078234066, 0.017773158078219144, 0.01777315807821581, 0.017773158078211268, 0.01777315807820158, 0.017773158078175096], "3": [39905108.45940836, 5559733.62461837, 0.023880815671326702, 0.019368661308538204, 0.0185833543228367, 0.0179642437748437, 0.017830719589227922, 0.017815040553631496, 0.01779830234549967, 0.01779225076951932, 0.01777888060282054, 0.017775189894402785, 0.017773832072235207, 0.017773389319578933, 0.01777318319351224, 0.017773177330935076, 0.017773160765760545, 0.017773160196515585, 0.017773158222230023, 0.017773158193399682, 0.017773158107797678, 0.01777315809110682, 0.017773158086509984, 0.01777315808099736, 0.01777315807913684, 0.01777315807827534, 0.017773158078233074, 0.01777315807817995, 0.01777315807816664, 0.01777315807815917, 0.017773158078159053, 0.017773158078158813, 0.01777315807815872, 0.01777315807815872, 0.017773158078158706, 0.017773158078158706, 0.017773158078158706, 0.017773158078158706, 0.017773158078158706, 0.017773158078158706, 0.017773158078158706], "4": [40705397.52768292, 0.02693046805481082, 0.024247883403378627, 0.019721718714911754, 0.01831477933211512, 0.01790861765380749, 0.017780594762809, 0.017777370138278712, 0.01777530190022003, 0.017774709211145694, 0.017774324337053306, 0.017773962860956467, 0.017773335710803664, 0.017773335710803664, 0.017773269192840183, 0.01777323025331106, 0.01777317254620872, 0.01777316022076224, 0.01777315917683749, 0.017773158685424482, 0.017773158400893507, 0.01777315830047313, 0.017773158139755135, 0.01777315810459595, 0.017773158091122267, 0.017773158082978104, 0.017773158079840975, 0.017773158079115517, 0.017773158078655878, 0.017773158078223043, 0.017773158078171387, 0.017773158078160902, 0.01777315807816025, 0.017773158078160003, 0.017773158078159993, 0.017773158078159282, 0.017773158078158807, 0.01777315807815871, 0.017773158078158702, 0.017773158078158702, 0.017773158078158702], "5": [30838072.397181652, 0.02396336989253717, 0.022074655947396864, 0.019421751980867943, 0.01856176065811603, 0.018150079777935584, 0.017819378257764012, 0.017804315551425726, 0.017787493400919806, 0.01777839838646497, 0.01777407281560494, 0.017773482071265213, 0.01777328149213005, 0.01777323570769901, 0.017773192893619647, 0.017773174816413235, 0.017773161960453247, 0.017773160292528952, 0.017773159520489416, 0.01777315836508856, 0.017773158322061427, 0.01777315812706555, 0.017773158089473426, 0.017773158082830805, 0.01777315807869837, 0.017773158078206366, 0.017773158078177455, 0.017773158078175935, 0.017773158078170807, 0.017773158078167546, 0.01777315807816279, 0.017773158078160937, 0.017773158078159493, 0.01777315807815912, 0.01777315807815877, 0.017773158078158706, 0.017773158078158706, 0.017773158078158706, 0.017773158078158706, 0.017773158078158706, 0.017773158078158706], "6": [18106486.648924194, 0.024962853116389006, 0.02084215587745729, 0.018719472760472373, 0.018010864259390826, 0.017829249641621615, 0.017781037214022466, 0.017779561938371716, 0.017776856905974518, 0.01777525631300957, 0.017773555032396682, 0.017773166151617125, 0.017773163174125254, 0.017773159963057783, 0.017773158598099918, 0.017773158224363747, 0.01777315815448404, 0.017773158104760992, 0.017773158083807545, 0.01777315807864693, 0.017773158078339624, 0.017773158078183464, 0.017773158078170325, 0.017773158078161027, 0.01777315807815912, 0.017773158078158737, 0.017773158078158723, 0.017773158078158706, 0.017773158078158706, 0.017773158078158706, 0.017773158078158706, 0.017773158078158706, 0.017773158078158706, 0.017773158078158706, 0.017773158078158706, 0.017773158078158706, 0.017773158078158706, 0.017773158078158706, 0.017773158078158706, 0.017773158078158706, 0.017773158078158706], "7": [36427400.48947454, 0.02148023275099158, 0.0193431715373796, 0.018308927900646227, 0.01807649312810372, 0.017978200529920003, 0.017831954011048295, 0.017784622638792474, 0.017774305902957786, 0.017773249071742755, 0.017773227422801206, 0.017773169200167686, 0.01777316591729323, 0.01777316236348645, 0.017773159226260566, 0.017773158332188996, 0.01777315809670245, 0.017773158082641315, 0.017773158079570053, 0.0177731580787684, 0.017773158078212614, 0.017773158078163556, 0.017773158078159074, 0.017773158078158904, 0.017773158078158817, 0.01777315807815874, 0.017773158078158706, 0.017773158078158706, 0.017773158078158706, 0.017773158078158706, 0.017773158078158706, 0.017773158078158706, 0.017773158078158706, 0.017773158078158706, 0.017773158078158706, 0.017773158078158706, 0.017773158078158706, 0.017773158078158706, 0.017773158078158706, 0.017773158078158706, 0.017773158078158706],