{"0": [0.020804130993945093, 0.02060917152897818, 0.018507748860773353, 0.0180907743636849, 0.017802066610959944, 0.017776820842462137, 0.017774078139440853, 0.017773299867589194, 0.017773175424023267, 0.017773161541694837, 0.017773158257337017, 0.0177731580986345, 0.01777315808117667, 0.01777315807845633, 0.01777315807817718, 0.017773158078168493, 0.017773158078160003, 0.017773158078158817, 0.017773158078158796, 0.017773158078158706, 0.017773158078158702, 0.017773158078158702, 0.017773158078158702, 0.017773158078158702, 0.017773158078158702, 0.017773158078158702, 0.017773158078158702, 0.017773158078158702, 0.017773158078158702, 0.017773158078158702, 0.017773158078158702, 0.017773158078158702, 0.017773158078158702, 0.017773158078158702, 0.017773158078158702, 0.017773158078158702, 0.017773158078158702, 0.017773158078158702, 0.017773158078158702, 0.017773158078158702, 0.017773158078158702], "1": [12260910.799930021, 0.025769441551102647, 0.018615813237150013, 0.017896892418446515, 0.017825403376555745, 0.017778779210046766, 0.017774004605992367, 0.01777326825619789, 0.01777318416278725, 0.017773161778919383, 0.017773158398168724, 0.01777315809263783, 0.01777315807954375, 0.017773158078268094, 0.017773158078162127, 0.017773158078159348, 0.017773158078158775, 0.017773158078158706, 0.017773158078158706, 0.017773158078158706, 0.017773158078158706, 0.017773158078158706, 0.017773158078158706, 0.017773158078158706, 0.017773158078158706, 0.017773158078158706, 0.017773158078158706, 0.017773158078158706, 0.017773158078158706, 0.017773158078158706, 0.017773158078158706, 0.017773158078158706, 0.017773158078158706, 0.017773158078158706, 0.017773158078158706, 0.017773158078158706, 0.017773158078158706, 0.017773158078158706, 0.017773158078158706, 0.017773158078158706, 0.017773158078158706], "2": [20977853.255959924, 0.024351264055725592, 0.018318099639023838, 0.017921578357057162, 0.017842424087175658, 0.017775074467649605, 0.01777343249521344, 0.017773203317470326, 0.0177731657956774, 0.017773158726351223, 0.017773158102932955, 0.017773158083422256, 0.017773158080444707, 0.017773158078738863, 0.017773158078234406, 0.017773158078160073, 0.017773158078159164, 0.017773158078158727, 0.017773158078158702, 0.017773158078158702, 0.017773158078158702, 0.017773158078158702, 0.017773158078158702, 0.017773158078158702, 0.017773158078158702, 0.017773158078158702, 0.017773158078158702, 0.017773158078158702, 0.017773158078158702, 0.017773158078158702, 0.017773158078158702, 0.017773158078158702, 0.017773158078158702, 0.017773158078158702, 0.017773158078158702, 0.017773158078158702, 0.017773158078158702, 0.017773158078158702, 0.017773158078158702, 0.017773158078158702, 0.017773158078158702], "3": [10078695.76399591, 0.021224413037224603, 0.018309399126792858, 0.0178252689642364, 0.017787230276004967, 0.017777610489009693, 0.017773288633127163, 0.017773207110674025, 0.01777316120115001, 0.017773158483948302, 0.017773158107981777, 0.017773158079614444, 0.017773158078260527, 0.01777315807816852, 0.017773158078158744, 0.017773158078158706, 0.017773158078158702, 0.017773158078158702, 0.017773158078158702, 0.017773158078158702, 0.017773158078158702, 0.017773158078158702, 0.017773158078158702, 0.017773158078158702, 0.017773158078158702, 0.017773158078158702, 0.017773158078158702, 0.017773158078158702, 0.017773158078158702, 0.017773158078158702, 0.017773158078158702, 0.017773158078158702, 0.017773158078158702, 0.017773158078158702, 0.017773158078158702, 0.017773158078158702, 0.017773158078158702, 0.017773158078158702, 0.017773158078158702, 0.017773158078158702, 0.017773158078158702], "4": [0.030943193898926382, 0.019925862254548503, 0.019360578622598018, 0.017945968294421258, 0.01778948367021047, 0.017775171391851557, 0.017773446913284453, 0.017773174423085535, 0.017773159007815533, 0.017773158195618984, 0.01777315809146536, 0.01777315807845573, 0.01777315807817472, 0.01777315807815917, 0.01777315807815871, 0.017773158078158706, 0.017773158078158706, 0.017773158078158706, 0.017773158078158706, 0.017773158078158706, 0.017773158078158706, 0.017773158078158706, 0.017773158078158706, 0.017773158078158706, 0.017773158078158706, 0.017773158078158706, 0.017773158078158706, 0.017773158078158706, 0.017773158078158706, 0.017773158078158706, 0.017773158078158706, 0.017773158078158706, 0.017773158078158706, 0.017773158078158706, 0.017773158078158706, 0.017773158078158706, 0.017773158078158706, 0.017773158078158706, 0.017773158078158706, 0.017773158078158706, 0.017773158078158706], "5": [0.022901398655812817, 0.020201336577590115, 0.018009753201086914, 0.017869161865252007, 0.017804146194564226, 0.017779860305944244, 0.017774907470332328, 0.017773457537906382, 0.017773176841799035, 0.017773159347576145, 0.017773158217889395, 0.017773158084213692, 0.01777315807850839, 0.017773158078204128, 0.017773158078163764, 0.01777315807815954, 0.01777315807815872, 0.01777315807815872, 0.017773158078158702, 0.017773158078158702, 0.017773158078158702, 0.017773158078158702, 0.017773158078158702, 0.017773158078158702, 0.017773158078158702, 0.017773158078158702, 0.017773158078158702, 0.017773158078158702, 0.017773158078158702, 0.017773158078158702, 0.017773158078158702, 0.017773158078158702, 0.017773158078158702, 0.017773158078158702, 0.017773158078158702, 0.017773158078158702, 0.017773158078158702, 0.017773158078158702, 0.017773158078158702, 0.017773158078158702, 0.017773158078158702], "6": [12770086.92768502, 0.02736876908359764, 0.019756593015682986, 0.018668355537220797, 0.017796421013553713, 0.017784318277676396, 0.01777458783581883, 0.017773269273162445, 0.01777317247540973, 0.017773161211906804, 0.01777315889278143, 0.01777315850844241, 0.017773158208080574, 0.017773158093582212, 0.017773158083348863, 0.017773158078611285, 0.01777315807818364, 0.01777315807816269, 0.01777315807815999, 0.01777315807815907, 0.01777315807815873, 0.017773158078158706, 0.017773158078158702, 0.017773158078158702, 0.017773158078158702, 0.017773158078158702, 0.017773158078158702, 0.017773158078158702, 0.017773158078158702, 0.017773158078158702, 0.017773158078158702, 0.017773158078158702, 0.017773158078158702, 0.017773158078158702, 0.017773158078158702, 0.017773158078158702, 0.017773158078158702, 0.017773158078158702, 0.017773158078158702, 0.017773158078158702, 0.017773158078158702], "7": [3531565.0312465415, 0.019796274893341268, 0.018629011493666643, 0.017892643329820677, 0.017790289391058596, 0.017774097428845104, 0.017773161734417137, 0.01777315837862981, 0.017773158141129942, 0.017773158100039436, 0.017773158086033112, 0.017773158079157983, 0.017773158078257432, 0.017773158078177073, 0.017773158078160548, 0.01777315807815877, 0.017773158078158706, 0.017773158078158702, 0.017773158078158702, 0.017773158078158702, 0.017773158078158702, 0.017773158078158702, 0.017773158078158702, 0.017773158078158702, 0.017773158078158702, 0.017773158078158702, 0.017773158078158702, 0.017773158078158702, 0.017773158078158702, 0.017773158078158702, 0.017773158078158702, 0.017773158078158702, 0.017773158078158702, 0.017773158078158702, 0.017773158078158702, 0.017773158078158702, 0.017773158078158702, 0.017773158078158702, 0.017773158078158702, 0.017773158078158702, 0.017773158078158702],